nome,tipo,nivel,treinador
Lucario,Elétrico,36,May
Flygon,Dragão,84,May
Toxtricity,Noturno,45,May
Snorlax,Água,42,May
Typhlosion,Dragão,39,May
Emboar,Normal,94,May
Pikachu,Fogo,39,May
Primarina,Água,82,May
Kingdra,Noturno,92,May
Staraptor,Noturno,97,May
Quaquaval,Voador,43,May
Copperajah,Voador,77,May
Lucario,Pedra,54,May
Machamp,Terra,74,May
Hydreigon,Psíquico,47,May
Infernape,Fogo,46,May
Cinderace,Fada,87,May
Annihilape,Fantasma,74,May
Tyrantrum,Psíquico,100,May
Scizor,Normal,45,May
Walrein,Noturno,55,May
Hydreigon,Grama,42,May
Pawmot,Venenoso,46,May
Meowscarada,Fada,77,May
Flygon,Aço,48,May
Salamence,Elétrico,54,May
Weavile,Elétrico,80,May
Clodsire,Fada,40,May
Flygon,Aço,84,May
Chandelure,Fantasma,65,May
